{
  "schemaVersion": 1,
  "generated": {
    "modelVersion": "mlp-v2",
    "featureDim": 53,
    "hiddenDims": [
      64,
      64
    ],
    "actionVocabSize": 41
  },
  "training": {
    "manifestPath": "training-data/manifest.json",
    "jsonlPath": "training-data/heuristic-selfplay.jsonl",
    "trainReplays": 1800,
    "trainSamples": 130900,
    "epochs": 15,
    "batchSize": 64,
    "lr": 0.01,
    "momentum": 0.9,
    "seed": 20260516,
    "perEpochLoss": [
      0.32722557986840445,
      0.23582051716303207,
      0.21350307802625204,
      0.20028473377943207,
      0.1917940429652527,
      0.18489032061153438,
      0.1799644236775434,
      0.1764812720940369,
      0.1728635190422273,
      0.16986964556526019,
      0.1673644013973049,
      0.16520553402483246,
      0.16358687707806638,
      0.16168242424812587,
      0.16037572346040257
    ],
    "finalLoss": 0.16037572346040257,
    "trainSeconds": 51.078
  },
  "eval": {
    "heldOutReplays": 200,
    "actionAgreement": 0.9120444801714899,
    "actionAgreementN": 14928,
    "winRateGames": 100,
    "winRate": 0.43,
    "winRateCompleted": 100,
    "modelScoreSum": 133200,
    "heuristicScoreSum": 128575
  }
}